feature_01,feature_02,feature_03,feature_04,feature_05,feature_06,feature_07,feature_08,feature_09,feature_10,feature_11,feature_12,actual,predicted,confidence
2.3626544,-2.7646375,-3.7282066,-1.1633542,-4.815778,3.9271955,-2.534425,0.8477343,-1.1457334,-1.3698444,1.5659963,-0.72443974,clase_5,clase_5,0.85586166
2.873068,-0.47342712,3.4148757,-0.6618125,0.6173038,1.6857512,-1.7676502,0.3596339,-3.5832856,-1.8976774,1.4477849,1.2223452,clase_1,clase_1,0.75684404
5.710599,1.1843079,0.08155155,-2.9059675,1.5156149,4.3965893,-1.7706825,1.3366486,-8.94515,0.83639485,4.0306873,-0.22455505,clase_4,clase_4,0.82317793
-0.05340743,-0.4060332,-0.63926804,2.6411805,-1.1064686,2.1934392,-0.626078,-1.9060755,1.7936652,-0.08358992,2.3139005,-1.3507974,clase_0,clase_1,0.5775742
3.310567,3.5413544,3.2697282,3.1782515,2.886237,-1.8203412,1.6586438,-3.050283,-0.831719,2.5538971,-0.76862645,-0.9354354,clase_2,clase_2,0.7649502
2.361313,0.97980547,1.2272221,2.1419084,1.6198229,5.023819,-0.5864441,-0.92609125,0.90907794,0.43923298,-0.736558,0.084341034,clase_4,clase_4,0.65524143
-0.021601077,-0.74306643,-0.33149648,-0.4453736,-2.569204,-1.1751169,-1.7467957,1.0838255,-2.3566208,-2.630624,1.2908267,0.9483393,clase_2,clase_0,0.36255327
3.472451,-1.3978124,1.8806537,-0.45965636,-1.4034534,-0.58551556,-3.330443,1.9574302,-5.732755,1.4480134,0.9655562,-0.33674303,clase_1,clase_1,0.7988852
1.190613,0.16724105,1.9484513,1.9563192,1.8927275,2.3483505,1.841369,-0.42792666,2.604782,-0.7474569,0.31315857,-0.22676079,clase_4,clase_4,0.7342189
-1.4406328,-0.6035327,2.8636477,0.14131309,-0.6982718,-0.8053945,0.14598608,-2.2420683,4.983087,-4.567385,-4.2039056,0.58645314,clase_3,clase_3,0.94019544
1.6778052,1.680106,1.9186648,4.8059664,1.8669167,2.0135305,1.6980519,-1.6656001,5.3547215,1.6218749,-4.1794434,1.4533972,clase_3,clase_3,0.99637246
-0.056369625,-1.0605562,-1.5470876,2.0777054,-4.9352393,-0.09255302,-1.1965213,-2.6310897,2.988774,-3.7214234,0.14785074,0.65650606,clase_0,clase_0,0.97791284
-1.3039935,-1.5599709,1.5406185,0.89059335,1.2604768,1.3478023,0.9384152,1.6216912,3.4638278,-0.4845707,-1.0009199,1.457438,clase_3,clase_3,0.8807638
3.0708373,3.1793482,1.8361838,2.2216597,2.250121,-2.4559615,1.6718512,-1.8044658,-2.6830676,2.7795525,1.0942888,-1.0092032,clase_2,clase_2,0.9402967
2.3754578,-0.87689084,-2.0123744,-0.5598311,-3.4973946,-1.9971325,-1.7268102,3.3964677,-5.733515,-0.14134853,2.524084,-1.2843693,clase_4,clase_4,0.91254795
-0.24161328,-0.14761688,-1.5463387,-0.681139,0.38076472,0.38213995,1.0306512,1.2786988,-1.402507,0.37598947,3.0636961,-0.97386616,clase_5,clase_5,0.81107295
0.97448397,-0.09269147,4.272236,0.64528286,5.031279,-0.57953167,2.3689854,-1.4954333,1.1037759,4.739721,0.71245384,-0.39902794,clase_2,clase_2,0.86414915
1.1167667,-4.014504,0.019242944,0.3234612,-4.2897954,0.33216497,-4.828574,0.7355853,-2.5054228,1.3534548,2.007535,-0.6153923,clase_1,clase_1,0.70905024
-1.0215108,-1.6894898,1.8948861,0.5872448,0.36203486,-0.34671843,1.1848316,0.48833045,4.9972878,-0.6594804,-3.6526146,-0.38540098,clase_3,clase_3,0.980198
-1.2046844,-2.0460353,-1.8994746,2.2410464,-5.102374,-2.5525668,-0.38543406,0.66670763,3.3635678,-2.54545,-0.90600204,2.1272974,clase_3,clase_3,0.42606625
-1.6955172,-0.11350723,2.2439353,-0.6877182,1.7152103,1.8715528,-2.1066356,3.1949852,-2.3775527,-2.50687,0.3509161,-3.3359015,clase_0,clase_0,0.8392519
1.5449436,2.480025,2.6204777,1.9925319,2.3670115,-1.616524,1.9902512,3.9052052,-1.8748882,-1.8980587,-1.2576725,-0.7522345,clase_1,clase_3,0.7233191
-0.55488425,0.9713253,2.2391164,0.32372186,-0.8328433,-2.180483,-1.7186761,-1.7440438,-1.4655557,-3.0130806,-0.13106325,-0.14114033,clase_0,clase_0,0.7116293
1.7865733,-0.9829095,1.0460918,-2.6372564,-4.2593956,-0.74401444,-3.2215216,-1.8539526,-0.6430697,-5.1593485,-4.4226365,-0.7308349,clase_0,clase_0,0.9893811
0.8911563,-1.5378122,-1.4912406,-0.10750855,-2.092234,0.9678874,1.03939,-0.8820435,1.5141971,-1.7081605,2.3243463,0.42307997,clase_4,clase_4,0.5659057
-1.1661462,-3.7926784,-0.2828529,2.5803037,-4.0290136,-4.4455175,2.394547,0.89498615,6.405979,-1.1684377,-0.8415345,1.8538342,clase_3,clase_3,0.9874423
2.7747285,-0.49339822,0.8110621,5.1330614,-1.8217373,0.73166746,-3.2301064,3.1051316,-3.6361961,2.4879286,2.1725154,-1.7353107,clase_1,clase_1,0.9969434
1.3209404,-0.3863843,-0.33050814,0.33678198,-0.052468285,-0.19491456,0.4332564,-0.009123918,-0.4827835,2.0477593,0.79053,0.9354944,clase_3,clase_3,0.458551
-1.1252954,-2.437544,1.8912998,0.16071272,0.5523088,-1.0677373,1.3435043,-3.2854433,4.3727565,1.6653541,0.88693476,1.751409,clase_2,clase_4,0.5524473
1.6910167,-1.9584446,-1.1523461,0.35476765,-3.2274878,0.066520356,-0.24232088,1.4855998,-0.06744473,-1.7492907,1.0055263,0.047888782,clase_5,clase_4,0.90420943
2.416513,-2.4659638,-0.49062803,0.27851292,-5.047826,-3.703747,-0.38520473,-1.5456846,0.91435456,-0.53367954,-0.66081786,1.5476408,clase_0,clase_0,0.88877124
2.0068493,-3.339212,-4.6196146,-2.6914768,-5.3808584,1.5175067,0.47940007,-3.018125,2.6167374,-1.1849287,1.293435,0.12255516,clase_5,clase_5,0.69191974
-2.084119,-2.4288082,5.103736,-0.23583043,3.3985307,-1.56292,1.0893916,1.0593958,2.7663984,1.0952834,-0.753557,-1.8454239,clase_3,clase_5,0.614344
0.19990234,-2.5323708,-2.2873347,-0.5431284,-1.0356671,-0.25171542,4.634808,-0.9138649,6.961491,0.8625827,-1.1462876,0.8930559,clase_4,clase_4,0.9225373
1.4143498,-1.8899397,3.1306782,-0.8227271,-2.4306505,0.2915919,-2.2062535,-5.238488,2.171937,-3.2116659,-1.5234002,0.9852202,clase_5,clase_5,0.6458625
2.2619357,-2.7424462,1.059609,-3.4053106,-3.9155273,-0.5129246,-3.2714763,0.18967018,-2.3946097,-3.3360786,-1.9353238,1.8744245,clase_0,clase_0,0.8217415
1.7092857,1.655889,0.37048835,2.1145031,1.8225775,4.216921,1.827204,-0.94747126,2.7389526,-1.1967802,-0.7255132,0.85431737,clase_4,clase_4,0.56723094
-2.4346695,-1.8913765,1.5272185,1.465414,-0.45513263,-1.9329609,2.5441551,0.1557486,5.9992695,-2.8414485,-0.8914077,0.008274495,clase_3,clase_3,0.94378835
3.3962765,0.96737725,2.2061412,1.6082855,-0.43019512,-4.1612186,-0.48277983,-0.73289543,-4.338091,2.342897,1.4721986,-0.92440856,clase_2,clase_2,0.95519406
1.285806,-0.84123003,-1.2727107,-0.21376242,-2.3210056,1.7696152,-0.5618321,-1.743073,0.14140488,-1.9863378,1.96859,-1.6796355,clase_2,clase_5,0.8857608
-0.028862696,-0.050750278,1.229852,3.630395,1.2869283,2.2501988,-1.066489,0.87543315,-0.39396787,1.9206451,2.785549,0.87550503,clase_1,clase_1,0.9831198
-0.97350675,-3.4026294,-2.9809704,-3.1339839,-2.0505633,1.4714744,-0.8342044,2.6597555,0.5981434,0.8014922,-0.48508546,-0.7172639,clase_4,clase_4,0.85075104
0.79356486,5.2597446,2.4224434,1.0964948,7.0585084,0.89094424,1.5614215,0.8515853,-4.669288,3.1515353,1.351868,-0.16340724,clase_1,clase_1,0.5401178
3.601226,1.739306,0.8799641,1.9631968,1.3358537,-0.80229926,1.6078318,-1.1595122,-0.0066018305,3.6656344,-1.8772551,-0.044686403,clase_3,clase_3,0.99392045
3.1814513,0.057827763,1.4149556,1.173113,1.335026,2.9435413,0.4337563,1.6238117,-0.4787965,0.51650006,-0.45143074,0.28528196,clase_3,clase_4,0.5333719
0.4769796,-0.33778104,4.929183,-0.6279997,4.819368,-0.6903734,2.2384486,-0.95888793,1.6171148,2.3958757,-1.0284487,0.2906665,clase_2,clase_2,0.60656124
0.49291724,0.785101,0.08558406,-1.3334981,3.3133585,0.55613,2.091163,1.3541695,-1.5517969,2.407403,1.3988642,-0.66936624,clase_1,clase_1,0.963301
2.2136223,0.87550145,0.12959774,1.825401,-1.8102154,0.13309683,-0.5363044,-0.7254176,0.52038735,-1.3974901,-2.2106433,0.1670431,clase_3,clase_3,0.7004999
2.7163298,-2.5034475,-0.20430464,2.6854298,-4.117497,-2.3533814,2.3593247,-0.73689944,2.4000897,-2.3349693,3.5046015,-1.7417166,clase_4,clase_4,0.9048073
-0.98928624,-3.3471174,0.020200687,0.14797446,0.27125672,2.0040135,1.2296708,0.82617635,5.108257,1.6551677,-0.84129536,-0.46760952,clase_1,clase_1,0.9383747
-2.1806269,-0.64738846,-2.9138622,-2.2054815,-2.8193836,-1.0620526,-0.19579998,-1.4516549,0.7626739,-2.8045838,0.8901107,1.4456351,clase_2,clase_2,0.99207497
-1.010027,0.17173901,-1.1015246,2.3875868,-0.7620596,-0.77992946,-0.17748562,-1.5517825,-1.6735687,0.814067,6.7669053,-0.7940837,clase_0,clase_0,0.9831025
1.3287148,1.579975,-2.144376,4.199511,-3.3972673,-0.4636681,-0.42875913,-1.5800519,0.29486993,-1.3336775,1.3581707,0.72116184,clase_0,clase_2,0.67026365
1.5409898,-2.7156389,-1.6333091,0.38815245,-3.8857405,1.403317,-2.1837544,0.49396843,0.6081207,0.3000578,-0.5128139,1.3162473,clase_5,clase_5,0.7768192
-0.40485466,1.5701193,1.1373249,2.0453062,3.5193303,2.292208,0.8155422,-0.036614668,0.54403865,2.128296,0.90097404,-1.1804985,clase_1,clase_1,0.8253219
1.8526497,3.7794573,1.3429691,-2.6492746,6.106772,2.001883,1.3007921,2.0586379,-6.636859,1.6169603,1.9584179,-0.187597,clase_1,clase_1,0.87638754
-0.10026534,-5.8108354,2.9422662,-1.2857653,-2.4548945,-1.7227665,-0.40899485,-1.3826522,1.827496,-1.5174268,4.0524693,1.140963,clase_4,clase_4,0.9310774
0.6634393,-0.119664796,0.93005955,0.34543115,1.2188162,0.9198552,1.49435,1.561424,1.1592245,-0.6991354,-0.7294286,0.5443227,clase_4,clase_4,0.6024222
-1.6411076,-1.1956054,0.30300766,0.058658484,-0.33059302,0.92736584,0.638262,-0.6289608,3.1702251,-2.3559797,0.29085803,1.0471766,clase_2,clase_4,0.46639746
0.031377986,0.6618614,-1.2100775,-3.2470007,-0.10052431,-0.1654609,-0.21451227,-2.7111785,-2.7371733,-0.7118308,2.6806638,0.05624534,clase_5,clase_5,0.9776269
2.2937047,1.772487,3.0791128,1.9824383,1.7226503,-1.4000436,1.6608617,-1.8310696,1.4517964,0.44674048,-2.681762,0.1606113,clase_3,clase_3,0.87558943
0.8222312,0.38239887,1.112007,-0.45017585,1.1670376,-1.056674,0.27891526,0.18918076,-2.145581,1.0386842,1.2134225,0.05135876,clase_2,clase_2,0.50689787
-0.13124114,-2.756691,2.0311673,-1.0130187,1.3483522,0.3073738,3.3844757,-3.090301,5.34238,-0.069414504,1.541989,-0.7813577,clase_5,clase_5,0.8361374
-1.6008577,0.45249778,1.227614,1.7804259,3.3133705,1.3493236,0.094012804,1.3810247,-0.39516777,2.798496,2.1244006,0.28686383,clase_1,clase_1,0.9481774
-0.8338471,-1.5285773,3.4182358,-3.0689933,4.163166,2.6751258,-0.96523595,3.203492,-1.1663754,1.0302329,-1.6653267,-0.12614155,clase_2,clase_0,0.6548694
-0.5014151,1.893528,0.78026074,1.2880534,2.9547174,0.65097266,1.5109318,-1.2509364,0.72812897,1.5116751,0.7838525,-1.748713,clase_3,clase_2,0.6725819
-1.4362512,-1.3817794,2.506084,-1.7714133,2.4407072,-0.96304864,2.4067903,-1.8298273,3.4384427,0.10145928,-0.24668577,0.25165388,clase_5,clase_5,0.9655168
-2.559984,0.60586035,-0.26160195,3.3149548,-0.7352001,-4.39885,2.7874703,1.3429763,3.5158644,-1.4531108,-0.33745998,1.127925,clase_3,clase_3,0.9851302
1.4550605,-0.35967687,0.8175349,-1.2532228,0.77864766,-0.65106136,-0.25674105,-0.76176715,-2.5717943,2.2247188,1.7542686,-0.036941186,clase_3,clase_5,0.2952212
0.4971486,0.58080167,2.54185,1.4151428,4.175366,1.0729165,3.3323226,1.5811667,-0.25722328,-0.108789,4.321237,-0.49832296,clase_4,clase_4,0.85795325
-1.118561,0.10488586,-0.977843,-2.213406,2.129394,1.4542284,1.5405076,-0.1413682,1.6636522,1.3300036,-1.2656684,-0.27518243,clase_0,clase_2,0.43690225
-1.8637058,-1.7506865,-1.2342576,1.8179022,-4.192729,-1.2282002,-1.4728118,-0.3616723,2.1231804,-2.8835583,0.87932956,0.35855445,clase_0,clase_0,0.8979323
1.4047433,-4.7083454,-0.80819595,-2.0535858,-4.504942,3.9534605,-3.181393,-3.9024258,3.536666,-0.9017439,-1.1841949,-0.5493834,clase_5,clase_5,0.99239177
0.06370933,1.9284779,1.7491254,0.78487843,2.3135748,-0.78166455,0.47591054,-0.54453474,-0.9221173,0.7843475,-0.3711532,-1.7985005,clase_3,clase_3,0.5553299
-2.0130198,-1.4416584,0.7965629,-1.6866436,-0.10120567,-0.8394959,0.22543861,-0.086630024,2.638753,-1.4240156,-2.2067785,0.6768882,clase_5,clase_0,0.5361499
-1.3380029,-1.3939306,3.2076669,-1.1337188,3.701458,0.4809904,2.725221,0.6932841,2.45053,-0.6071726,1.171052,0.5690295,clase_5,clase_5,0.81186587
2.281866,6.946581,-0.6209848,0.16012228,3.9974234,0.0820984,0.45909366,1.7881567,-7.078783,1.1773504,-1.2721235,1.8546622,clase_2,clase_2,0.9698741
2.0793872,-1.7226549,-3.3330865,-2.3063688,-3.8982656,0.3529101,-1.4822097,0.72452015,-2.2898393,0.01162267,0.40614733,2.1634748,clase_5,clase_4,0.608721
1.1626389,-3.4840367,0.3058932,0.93223715,-1.6360842,0.6519991,-1.0232601,1.6358104,0.72801,2.304536,0.93952584,-0.03347481,clase_1,clase_1,0.9251806
2.6060886,-0.53545123,-0.7776428,-3.124687,-0.014522668,4.421587,0.24467783,0.6729447,-1.7018197,-3.0883431,1.1876915,0.28710064,clase_4,clase_4,0.9808865
1.1002265,3.2710989,-2.1859925,1.9453984,0.95368624,3.385294,1.1158824,-0.22502571,1.8354794,-0.10373149,-3.179457,0.7972523,clase_4,clase_3,0.5567732
-0.045709755,-2.537412,1.3707422,-0.17186031,-0.561484,-1.2468115,1.5208393,-2.648773,4.535847,0.7430278,-0.6491059,0.2924842,clase_5,clase_5,0.6286216
2.8120313,0.4310874,1.1371624,3.865077,-1.1371776,1.6253328,-4.607743,0.34409833,-5.7594385,2.7048013,3.7946365,1.175454,clase_1,clase_1,0.9925755
0.08819651,-0.32731044,1.2898518,-0.22400863,1.8934863,0.57077414,2.9582818,-0.049748827,3.0771244,-1.0234786,-0.44109133,-1.2485816,clase_4,clase_4,0.50997055
-1.3860338,-1.0384533,3.1309106,0.3428833,0.850254,-0.37631205,0.8494885,-0.57096255,3.944323,-2.7122896,-2.1453302,1.5837176,clase_3,clase_3,0.9233692
-0.037547413,0.45373607,-1.2863171,3.7649643,-2.4583526,0.28981337,-1.394285,0.8819841,-0.29199064,-1.0355287,1.5262351,-0.5118684,clase_0,clase_0,0.859517
0.267603,0.7937901,1.325704,1.2649407,1.3160416,0.63814837,-0.7308639,0.57641,-1.5142683,0.65263015,0.8491955,0.88547057,clase_1,clase_1,0.6027223
-0.3438614,0.83624697,3.183708,-0.9408098,0.19548652,-1.0080097,-4.14875,4.0893974,-5.211281,-2.8763494,-3.1292048,-0.005722841,clase_0,clase_0,0.98720413
2.442022,-3.0790548,-0.16475837,4.3850827,-1.853396,2.0819967,-3.5266483,6.918213,-2.260955,5.319345,-0.12026768,0.4760108,clase_1,clase_1,0.9934143
-1.1247914,-3.3206284,-0.43141276,2.9018173,-1.5933367,3.1783018,-1.3119956,-0.11285965,3.8061948,1.2892581,2.1889102,-0.12983632,clase_1,clase_1,0.9928087
-5.6944222,-2.904366,-1.0055207,-0.8717111,0.33000037,-0.702669,3.091301,-5.2825403,11.260077,1.3699777,-2.2699602,0.25569955,clase_5,clase_5,0.99923503
0.24472305,-1.8056251,-1.4314815,0.40547305,-2.373157,1.3645239,-0.74636185,-1.2191054,1.3852895,-0.268252,1.5910529,0.37050202,clase_5,clase_5,0.54534006
-4.1867976,-1.7276052,2.047674,-3.3618014,4.0289383,0.47885397,4.5936623,-3.241328,7.324557,-1.6887301,0.04340946,-0.23187797,clase_5,clase_5,0.6830222
1.0710976,-2.1082585,1.397936,0.89873695,-0.9159109,0.7104415,1.6978531,-4.312768,4.4200587,-1.0925785,2.137294,0.19136225,clase_4,clase_4,0.93125325
-2.0814369,1.9299458,1.2092117,0.656069,1.5503721,0.72931087,-0.36797547,1.3724016,0.17095344,-3.2295933,-1.6465198,1.1609527,clase_3,clase_0,0.76881343
2.5992393,-2.5132391,-2.8435352,3.7683978,-5.8771644,-1.8572457,0.67934984,-2.8186686,2.7604887,1.1726202,3.4198163,0.42201436,clase_0,clase_0,0.9626223
-0.60615206,1.4126087,0.9886505,-1.740536,-1.1834519,1.3591025,-2.5563064,-3.7822392,-1.1178043,-5.5839524,-0.34111843,-0.22339842,clase_0,clase_0,0.88908666
-1.5362244,0.86144996,2.4509258,1.3286862,2.668442,4.0168185,-1.6399099,-2.4610984,2.7191503,0.058138724,-2.0076368,-0.39267465,clase_4,clase_3,0.50366294
0.814699,-3.6172285,1.8368207,0.6929899,-1.5458541,-4.3109765,3.4829204,-0.09007188,3.0085435,-0.66759324,3.14733,-0.060685433,clase_4,clase_4,0.7985412
2.4201198,4.421735,1.5147676,-3.0091054,9.482423,2.5970528,3.3941977,3.1321118,-7.0146575,5.392993,2.4238021,-0.21191059,clase_1,clase_1,0.9381988
1.8067045,1.8510981,1.9261305,3.1520326,3.3303487,1.4395975,3.6789162,-3.6572843,4.3917155,2.018012,-0.28931645,-0.16224854,clase_3,clase_3,0.64631057
0.37717476,0.020829227,0.72084945,4.3815994,1.0589389,4.295767,2.3941739,-1.1469002,7.6883883,-0.8051534,-2.381901,-1.129888,clase_3,clase_3,0.98818946
1.9635894,-1.2010596,0.7731221,2.972709,-1.098489,1.9424495,-0.6420988,0.23301362,0.40972504,0.1043905,2.193629,0.17241985,clase_1,clase_1,0.82530713
1.0198913,-2.224736,1.4754252,1.7275246,-1.275033,-1.4812435,2.6969547,-0.70232403,5.918124,-0.86347413,-2.2699842,0.70705885,clase_3,clase_3,0.9299126
1.7673818,-0.10730672,-1.4686584,1.2173964,-5.256658,-1.6674923,-0.8449268,-3.681581,1.8412222,-3.2634678,-1.3913093,0.7939351,clase_0,clase_0,0.9570652
-1.2493598,0.8024057,2.261752,-0.1776936,-0.8971571,-1.1851118,-2.5637069,0.7103865,-2.7951727,-5.097543,0.1549002,0.9437688,clase_0,clase_0,0.9763264
1.69331,1.9650446,-2.7108798,-2.8923767,0.21043383,-1.537586,3.5133214,1.7786608,-4.8420305,-2.980998,4.955595,0.28945106,clase_5,clase_5,0.95901984
-1.7893451,0.22658251,1.2748561,1.7282299,0.868973,-1.6833818,1.2376662,1.7061087,0.95451856,-1.4837301,0.9366478,0.4293507,clase_3,clase_3,0.8975093
-1.3240546,1.1261065,2.8945365,-2.5376413,3.7096348,-2.7536829,1.2604023,0.2408375,-0.5833777,0.8573761,-2.717377,1.4262342,clase_5,clase_5,0.9503726
-0.95477897,-4.353179,-0.009826492,0.40305248,-0.5096071,4.1292925,-2.9852402,-0.093381956,1.7430774,4.1269217,1.9639909,0.09171895,clase_1,clase_1,0.9614973
-2.1701355,-0.7057151,1.7528764,1.8766001,1.6051162,-1.9295557,2.880883,3.874363,3.2272978,-1.4462506,-0.7407256,-1.6758401,clase_3,clase_3,0.9691728
-3.3117106,-3.155847,0.52674603,2.286649,3.082574,-0.5784185,5.5893664,3.6187167,7.043288,2.6152127,2.2261832,-1.332129,clase_3,clase_3,0.8503886
2.4361145,1.3467083,0.16977395,1.9657931,0.8184554,4.801049,1.695807,-2.5422337,3.2928016,-2.1561513,-0.28469422,0.4265393,clase_4,clase_4,0.9474896
-1.4258896,1.4022994,2.3560054,1.2761539,3.4276178,0.8837303,3.6338406,-0.9208491,6.108482,-2.0065048,-3.5987601,0.09888721,clase_3,clase_3,0.9960898
-1.3482212,3.8833804,-1.7249442,-2.0381854,3.3626564,3.6106741,0.86886215,-0.5360266,-0.5344634,-1.3815827,-1.7113582,-0.28770706,clase_0,clase_0,0.5766237
2.8203518,-1.5967952,3.3280535,2.0481968,1.3926215,2.2881663,2.8797085,4.2760925,0.5268332,-4.016347,3.2391188,-1.8658397,clase_4,clase_4,0.9937895
-0.10946899,-1.0828619,4.0123587,-0.859386,2.910395,-0.38126338,0.9705719,0.103953294,1.0893288,0.36710897,-0.69728017,-0.11297048,clase_2,clase_2,0.4081063
-1.1047508,-1.9107132,-1.160623,1.8603349,-3.4489024,-4.052276,0.9614606,2.42456,1.9721942,-1.2545934,0.11794435,-1.173818,clase_3,clase_3,0.7994341
1.4579818,1.078973,1.4308696,1.703136,2.038054,1.0534328,1.0691029,2.8040504,-0.60658854,0.1549228,-0.7254302,-0.34830838,clase_3,clase_3,0.724478
2.3854501,-2.419473,2.5332816,2.1081414,-0.300195,1.1916435,1.4004637,-0.26540324,1.828823,-1.1265811,3.3489811,-1.2040869,clase_4,clase_4,0.99162525
1.3664488,-0.81058234,-1.3382689,2.6252375,-5.970425,-1.9811337,-1.6244051,2.2447736,1.0906185,-4.2892556,-3.4201415,-1.3132722,clase_0,clase_0,0.8500271
-2.0098324,3.9378462,-1.5644301,-2.8791406,4.5790386,3.1591582,0.35396934,1.9506961,-2.9765759,-0.11300969,-1.2570112,-2.3480685,clase_0,clase_0,0.8978322
2.024146,1.2261269,0.5309494,1.0894402,1.5124121,6.473275,-0.043241125,-0.78772235,1.4945272,-2.2072713,-0.76960176,-2.2393227,clase_4,clase_4,0.863893
2.427749,-0.73801327,-1.2314097,1.2876978,-3.907865,-3.322722,-0.59945977,-1.3588369,-1.1381042,1.1692734,0.78165734,-0.63526136,clase_0,clase_0,0.5310651
1.2633111,1.1833546,5.577027,0.75074714,1.0172391,1.8445909,-3.8606098,-1.1704606,-3.6151092,-4.5671253,0.26253745,1.2622778,clase_0,clase_0,0.8477393
0.56859154,-1.0202564,1.8167241,-2.026134,0.99768037,0.3568227,0.08828149,-1.1967596,-0.9252832,-0.58882636,1.7372277,0.6393629,clase_1,clase_5,0.40890294
-2.8872826,0.20743795,-0.93495286,1.4919142,-0.5615882,-1.8152007,-1.6367235,2.122912,0.37617913,1.8310583,-2.3104317,-1.2618774,clase_5,clase_5,0.7460611
-0.08085789,1.125842,-2.305223,-5.043109,1.344472,3.508043,-0.50701296,-2.7148015,-4.4396324,-1.1883122,5.0229526,0.49271935,clase_5,clase_5,0.99521434
0.7235382,4.228205,0.30476788,-0.91954285,4.8950768,1.6287524,1.8457464,0.56610876,-3.9080138,0.54353654,1.6223121,-1.9986056,clase_2,clase_2,0.8096804
2.0298584,2.8072724,2.5995488,-1.5496982,4.669784,-0.95399314,1.1441658,1.2664899,-5.4545126,1.9892093,0.93203366,-0.3518738,clase_1,clase_1,0.83908534
1.6922305,3.518084,-0.58649904,-0.1277475,2.8132262,-0.64065,1.9199696,-0.41965932,-3.7512965,2.0423563,2.0044637,-0.56159866,clase_2,clase_2,0.96479976
-2.6920056,-0.19582874,2.988126,-0.23221022,3.1040177,1.6472058,-2.252971,2.246869,-1.719332,-0.011217462,0.5022791,-0.9015655,clase_0,clase_0,0.83643866
2.372783,2.2508478,-2.4713068,0.6864112,0.008657818,-1.3217059,1.2255847,-1.5939343,-2.2658095,3.8700488,1.1879094,-1.1368712,clase_3,clase_3,0.9769995
-0.23535392,-0.18357554,-2.9049299,-2.1374717,-0.26271176,0.62733644,0.6969299,0.9478777,-2.5937288,0.22032343,3.8984396,0.16765015,clase_5,clase_5,0.97459847
-3.2820144,4.6095862,-0.0960087,0.8551932,2.55995,1.4557621,-4.264855,-2.8091664,-3.0392125,2.0817182,-1.6371816,1.343008,clase_3,clase_5,0.5668062
-1.3784293,-0.34508464,0.7284852,-0.19510466,1.9498492,1.6317807,-0.94341135,1.9519032,-0.21557802,1.5518523,-0.7426742,-0.4057365,clase_3,clase_0,0.45016727
2.0511923,-3.714468,-0.99162835,2.5583403,-4.24069,-2.063001,1.1019742,-1.3265316,3.6953902,1.8898464,1.6151377,-0.6081535,clase_0,clase_0,0.30711672
1.4403367,-1.4995741,-0.82146496,-1.3606608,-3.5418355,-0.464393,-2.153983,-1.3886039,-1.2557281,-1.2201903,-0.03045945,0.5033288,clase_5,clase_0,0.61980325
-1.7572963,-2.3992522,1.6687057,-1.1701138,1.3397532,-1.5224813,0.7333927,2.5921228,1.530251,1.454971,-1.1594133,-0.6133756,clase_4,clase_3,0.55903447
0.40679407,2.6471257,2.4518278,1.2153938,3.5047078,1.232139,2.443634,-3.0864635,3.5369766,-0.57632226,-2.7949543,-1.0847565,clase_3,clase_3,0.95157063
0.9461378,-1.5966647,-3.6116548,-0.87854373,-3.6412523,0.5815104,0.4724941,3.0776606,0.14752497,-2.3574085,0.018831741,1.3427954,clase_4,clase_4,0.9910834
5.1370816,3.0350003,3.2279708,-1.4423301,4.5330725,3.1210058,1.042666,2.9910266,-8.418528,-2.4267564,4.45965,-0.7981859,clase_4,clase_4,0.9862641
4.5573792,1.0811645,-1.7443607,2.8676195,-1.4486684,2.2398167,3.963282,0.15857953,2.299737,-2.955021,1.128213,0.4121143,clase_4,clase_4,0.99424416
0.82407886,3.2361095,-0.08866163,0.24546014,2.1606836,-1.9365885,2.3408346,-1.228357,-2.68363,0.4500977,2.6245837,-1.5109246,clase_2,clase_2,0.99086785
-1.1578408,-2.6860998,1.0753752,2.3816435,-1.3327947,-1.2123424,3.6314251,1.666418,6.8804536,-3.8244994,-0.38495266,0.90888906,clase_3,clase_4,0.5993956
-1.2385284,1.3313329,-1.5409307,-1.6657896,1.3880104,1.0934849,1.8575287,-0.5922825,0.5748668,-1.4513259,0.7832197,0.7565941,clase_2,clase_2,0.98021084
0.93365747,1.6577027,0.2561723,-2.1107407,-0.3544094,-0.49676296,-0.3961855,-3.3008044,-3.267649,-3.0915368,2.7143512,-2.3819914,clase_5,clase_5,0.9700043
-0.8759584,-0.99198526,1.7395427,-0.45530656,2.212124,3.7202895,-0.11127824,-0.61157155,2.4502907,-0.3401048,-0.3350338,0.8221564,clase_0,clase_4,0.30144367
0.8570548,-1.7501051,0.6192477,2.3174448,-1.2772408,0.40636185,0.040617935,-2.0087788,3.5258822,1.5575877,-0.24681777,-1.0260681,clase_1,clase_5,0.4559549
0.23222123,-0.22739403,1.1200701,-1.3717946,-1.0556203,-0.85120827,-2.0857286,-3.3568788,-1.0633032,-0.4233625,-0.22152682,-0.8776965,clase_5,clase_5,0.76926374
4.0124507,-3.7207353,-2.4219031,0.8266146,-8.217609,-3.1715214,-1.0872257,-0.84716445,0.54024506,-1.3475888,0.25956026,-0.56055737,clase_0,clase_0,0.9614694
-0.30076885,1.6435472,1.3057402,0.8285817,1.8083824,3.182038,-1.5509357,-2.078425,-1.895878,-1.2175109,3.0864208,1.0610418,clase_5,clase_0,0.4230014
0.7319373,-1.6609945,2.0913424,2.9074779,-1.4790996,0.18998207,0.636113,1.422126,1.6068473,-4.001825,2.429639,0.91202366,clase_4,clase_4,0.9895955
-0.32815325,2.934717,0.0103805605,-2.2210054,3.3386211,1.959824,-0.36805928,1.6599712,-3.200047,-0.1382761,-1.8984625,0.30796155,clase_0,clase_0,0.88108164
1.677485,-3.4404633,-2.410835,-1.4856255,-5.175331,3.8171809,-4.4478455,-0.39114675,-1.1655809,-1.4112761,0.8380436,1.435677,clase_5,clase_5,0.9879161
2.347337,-0.4851698,0.5246387,1.9555359,1.2705204,2.0572538,3.634078,-1.9563775,5.7196026,1.6658436,-1.5685602,-1.0832016,clase_3,clase_3,0.9085482
1.1782508,-0.07082017,-2.4382527,-2.4682262,-2.2744846,2.6310892,-2.1628442,-2.1300905,-3.2388601,-1.9492937,3.0566697,0.5919119,clase_5,clase_5,0.98749125
1.0261582,0.09873902,-0.1373861,2.1286368,-4.052568,-4.851379,-0.42522332,-0.50707805,-0.4535598,-1.8904225,-0.43967998,0.3441337,clase_3,clase_0,0.6916041
0.032918487,-0.2640398,0.4805277,1.4542357,-1.1991006,0.25276235,0.7982751,3.4752643,0.67125434,-4.9616966,0.015247551,-1.1536593,clase_4,clase_4,0.5579028
1.0722531,-1.1856132,3.0594432,2.9056618,-1.6882379,-2.257102,0.63991886,-1.7184819,3.184528,-2.2653656,-0.54039174,-2.2721417,clase_2,clase_2,0.8732232
-0.5661485,-1.869924,-1.3897164,0.8972034,-1.9628456,0.033653688,-0.32544982,-0.7466466,2.704665,1.4975916,-0.25991097,0.97108835,clase_5,clase_5,0.7638763
0.4622714,1.2478368,3.3797793,-1.7847097,3.2824328,3.4036784,-2.3171372,1.3163433,-3.2779381,-1.7109089,-1.5411451,0.7237994,clase_5,clase_0,0.93885434
0.9789763,0.7584893,2.565183,1.0247049,2.2120059,1.7166402,-1.1535321,1.1880704,-3.2039502,-0.008083784,2.300676,-0.86692524,clase_1,clase_1,0.95955944
-0.43364024,-1.4300721,-0.23940542,-3.1692908,-0.238608,2.506202,-0.5934324,-5.1370134,1.4079279,-0.79772514,1.971647,-0.27483237,clase_5,clase_5,0.9768496
-3.5790045,-2.274155,3.1524742,0.1421894,1.9729632,0.16641714,1.3980757,1.3128802,5.158994,-2.3185096,-1.1804554,-0.1523775,clase_3,clase_3,0.8583802
-3.0198517,0.3393928,-5.2120433,2.3201666,-4.421613,-0.4265499,-1.3170304,-0.38642755,0.42266962,-1.7993509,3.3766212,-0.100046314,clase_2,clase_2,0.9265403
3.0443413,-0.21832547,3.0201745,2.4094455,2.8001106,3.1090162,4.7831364,2.390845,2.5845125,-3.675633,2.560065,0.13161537,clase_4,clase_4,0.9990722
-4.78318,0.27045742,1.116463,-1.9359244,2.8855581,2.52014,0.5664398,-5.289953,4.5811505,-2.1068084,0.8506887,-1.4288661,clase_2,clase_2,0.9794006
-0.06833883,-2.6482573,-2.09636,2.1535587,-5.060162,-0.58346766,-0.82358736,-1.37589,2.4546213,-1.5138731,2.502156,1.8672312,clase_0,clase_0,0.97691286
-1.3463634,-2.1559148,-0.31147626,0.42730978,0.086327635,1.1774559,-0.12909788,2.2255638,1.2817694,1.105343,1.1156186,0.33261275,clase_3,clase_1,0.92735165
-2.7574272,-1.7154857,0.7935898,0.8703289,0.8035069,-0.00048590542,1.7234049,0.5516947,5.977561,-0.14735161,-2.4319508,0.11859442,clase_3,clase_3,0.865377
2.878541,1.4131469,2.7682147,-0.20436817,5.291737,2.4800613,3.6980813,0.4930004,-1.4834692,0.72231036,3.3626494,1.0826249,clase_4,clase_4,0.8311312
-2.145279,1.3835541,-4.661943,0.24334762,-1.1395292,0.10784024,2.3184752,-0.5506719,1.933064,-1.3803103,1.8304377,-1.479865,clase_2,clase_2,0.99400455
-1.9305551,-0.6455498,-0.5399993,-1.5479522,0.6422787,0.81364536,2.8990314,-1.5844245,2.0569267,-3.9322965,4.633375,-0.39669618,clase_2,clase_2,0.5470653
1.7307655,3.6285472,0.67335796,-0.53552103,5.1634684,2.2036045,4.725076,-0.5326084,-1.1806395,-1.0656136,3.1194224,0.30058694,clase_2,clase_2,0.8851178
-0.5767771,-1.6268866,-1.1965358,-0.7391817,-0.64000094,2.3301978,-1.4970396,-1.5808599,0.8649094,1.9551228,0.9576996,0.34460932,clase_5,clase_5,0.9225961
1.94347,1.0087777,1.267844,5.0283904,1.3059428,1.0983992,-1.4383553,4.586373,-2.7195075,3.6889663,0.11402472,0.6751644,clase_1,clase_1,0.79960626
-2.9946036,1.7366524,2.1739497,0.35697737,3.133187,-1.731842,-0.48823076,2.0351937,-1.3735447,0.39633107,-1.1546707,0.06310712,clase_3,clase_3,0.5895956
0.5217221,-2.2399268,-3.699919,-3.9206088,-2.206789,1.1887742,-0.010568692,-2.868483,1.0235982,2.0609374,0.5195151,1.1265179,clase_1,clase_5,0.98691165
-1.6553108,0.34593597,4.062988,0.06426206,0.7923048,-0.33515272,-3.9223022,2.1566257,-3.9546382,-3.4033787,-0.017771237,0.9831785,clase_0,clase_0,0.986613
1.6643201,-2.460001,1.2699344,-0.72431743,-0.14907473,0.35287175,0.55467623,3.027064,-0.029814135,-0.071302734,-0.1816416,-0.0075646597,clase_1,clase_1,0.58439296
0.74090093,-2.7845821,-1.0659504,2.40099,-3.483928,-0.74957657,-1.1540325,-1.9941698,3.4311337,3.3133857,-0.7525164,-0.92340046,clase_5,clase_5,0.98493654
4.33348,1.2299188,2.8267727,-2.833937,3.8664706,6.4410887,0.56078565,0.94561726,-5.0113344,-3.9809005,3.8121514,0.2745362,clase_4,clase_4,0.9987897
0.5084145,0.55534077,-2.25178,3.3833423,-6.2327104,-6.7982817,-1.1241035,0.18035635,-2.424545,-1.8489385,1.7875456,0.48689482,clase_3,clase_0,0.87067926
2.21922,-2.8467638,0.3765927,3.6275911,-2.9464085,2.3105917,-1.5185803,1.6525877,2.150534,0.1501045,-0.12075741,-0.2665723,clase_1,clase_1,0.872784
2.1040401,3.611333,-0.73253876,0.35982186,1.7878882,0.21587396,-0.28523582,-0.98126715,-5.116444,2.306358,1.999159,1.0103709,clase_3,clase_2,0.72140074
3.996499,-1.1571326,1.4504215,1.6704905,-5.188387,-2.1705868,-3.9024527,0.31015807,-5.532416,-2.9869106,2.7317796,-1.1994462,clase_1,clase_1,0.9450547
2.045692,-0.14944343,-2.3682568,-0.39111543,-7.309764,-1.6227325,-4.1488843,-0.3564976,-3.082901,-5.2906218,-1.8149667,0.2555597,clase_0,clase_0,0.9849497
2.6455765,2.528848,4.40556,-0.36315057,-0.07165931,0.52892286,-2.6225162,-3.213262,-4.1229095,-6.190787,0.13386601,1.2776333,clase_0,clase_0,0.76056165
0.8318411,2.440918,1.6343917,-1.7609998,4.9764633,1.7163123,1.2039328,2.8530207,-4.7136626,0.26177388,1.7684386,-0.47053915,clase_2,clase_1,0.9240862
2.234506,-0.5519594,-0.62507457,1.5187836,-3.0169594,1.0207957,-1.3905761,1.1751875,-0.9168573,-2.256399,0.08493992,-1.0558447,clase_0,clase_5,0.37072244
-2.645085,-1.7449075,1.7128873,-0.46021697,1.1673487,-0.43054652,-0.4733898,0.8210311,0.6091889,0.10532155,1.5647463,-0.645849,clase_3,clase_3,0.28007507
-0.49957827,0.13516982,1.3291688,-1.5951412,2.0745096,-1.3710502,-0.39796877,1.1199744,-1.0787297,2.8381066,-2.6933653,0.9846558,clase_5,clase_5,0.841846
0.046981793,-1.9717493,-2.651325,-0.3810055,-1.4087658,3.9567971,-2.8519745,0.29685768,-0.23762739,3.3409896,0.43791476,0.87820554,clase_5,clase_5,0.87909466
3.1135385,3.4556355,3.2516704,1.7978586,4.820777,-1.6010592,1.8765606,-1.0914433,-3.445097,4.5679274,1.0172249,0.28326994,clase_2,clase_2,0.83164775
-1.9294673,0.14928451,-1.106021,-1.9252589,-0.1619061,0.65561706,1.0439624,-3.8390362,2.4441772,-2.384188,1.1727092,2.211243,clase_2,clase_2,0.9756026
1.5947645,-0.8506709,0.5977268,0.147594,-0.055971533,2.3516865,0.08658651,-1.967788,1.7310685,0.14911447,-0.044230558,-0.09362132,clase_4,clase_4,0.4620169
0.14063108,0.63092446,-0.5082288,-0.04044877,0.97913855,2.1931844,0.06484841,-0.033647455,0.27720797,0.32598683,-0.3114452,2.0992496,clase_2,clase_2,0.5806428
-1.7488415,1.1746441,1.0280892,-2.8616765,3.28252,2.281383,-1.2840009,2.4514682,-1.7864043,-0.4270757,-3.0350282,0.79115367,clase_0,clase_0,0.97653496
2.8366308,-2.6389093,-2.0317674,1.4241623,-7.7669134,0.36544043,-1.7598112,-2.9565454,4.856315,-3.9720802,-4.128697,0.4517002,clase_0,clase_0,0.9423492
2.076241,-2.4330094,1.690344,-0.07155224,-0.6129764,0.756148,2.1685288,2.7629144,0.69798106,-3.9246712,2.4203405,-0.62054086,clase_4,clase_4,0.9814466
-0.13122997,0.6594223,0.5435543,-2.3440228,0.5457276,0.38433298,-1.0022143,-3.045354,-2.2227068,-1.0079614,1.9992048,-1.5364597,clase_5,clase_5,0.9711382
2.9503858,0.19199018,1.7438784,-0.42282167,-0.9010965,-1.226947,-1.5914369,0.30348173,-5.189481,-1.0108747,2.2856042,-0.09138967,clase_1,clase_1,0.9134866
2.491086,-0.55873907,-0.23469347,0.11804297,-1.0104084,0.74268246,2.3541057,-0.015041836,0.7790638,-2.7991595,1.972194,0.042907327,clase_4,clase_4,0.97259223
1.4613235,0.57795435,-0.21627545,-2.1845102,-0.16215898,0.60858124,0.6287108,-2.9347205,-0.60384357,-1.5797151,0.7528976,-0.32359108,clase_2,clase_5,0.59915745
2.9684553,-3.2003524,-0.4281939,1.4574379,-6.3649883,-0.20551169,-2.9556022,-0.33634266,1.3602997,-1.9307557,-2.3066568,-0.43343163,clase_5,clase_5,0.5233665
-0.6624392,2.6322346,-2.265598,-0.26306996,1.4445702,0.10418154,1.8713441,-1.1642852,-1.5529416,0.18315756,3.202005,0.063193604,clase_2,clase_2,0.9797459
-1.6902246,-0.61194354,-1.0611596,-0.18119614,2.8085434,1.7130903,3.1515522,1.5203632,3.1819959,2.08447,0.79697263,1.8223928,clase_1,clase_1,0.9425214
-1.5432577,3.229655,-0.60862494,-1.2777406,2.6201801,0.3453235,0.09208717,0.044159167,-2.885198,-0.4857759,0.58267844,0.2784588,clase_2,clase_2,0.8716022
0.692563,-2.8938785,2.3425694,-0.22212555,-0.35058418,0.9031022,0.26669788,-0.29484805,2.6563475,-1.100503,-0.06608815,0.46254793,clase_0,clase_4,0.6451383
-2.9937043,-3.5097644,-2.0954716,-3.6018913,-1.9308869,-0.48471212,1.6113404,-3.5875037,7.0391173,-0.33333322,-2.191733,-1.4036983,clase_5,clase_5,0.83669627
0.27975765,-1.3565813,-2.6167002,2.5531862,-5.3316064,-1.7346473,-1.7655722,1.2591753,0.3604891,-0.9914383,-0.06522991,1.3830574,clase_0,clase_0,0.9316745
2.505224,1.3138416,-0.35959947,2.8525636,0.47530892,2.4638326,1.0085031,-1.0747957,1.8190914,1.3821802,-0.9970863,-0.7068534,clase_3,clase_3,0.73542666
3.4000516,-0.42362225,1.809228,-2.135377,2.9438863,3.804529,3.1970444,-0.8135179,0.652455,-1.3210508,1.7103373,-0.49488065,clase_4,clase_4,0.97435987
0.5723581,1.3623621,1.1827394,-2.697419,2.1383657,2.1253247,-0.2164332,-0.0044770916,-1.8930675,-2.1364431,-1.081767,0.52276677,clase_0,clase_0,0.90697163
1.7920517,3.7986743,-3.6970584,-1.3324708,0.7201994,-0.69218034,4.084236,0.27886033,-3.1442819,-1.950836,3.218891,-1.2048143,clase_2,clase_2,0.9643266
-3.6867976,-1.9745784,-1.0151106,2.0907497,0.9272929,-0.13709955,3.6716835,2.9989035,5.6309247,-0.2195626,1.7876976,0.32781872,clase_3,clase_3,0.46045297
1.4388931,3.1908863,3.8016052,1.4267875,3.548702,-1.2643622,0.6498422,-1.8824733,-0.33087105,1.4661791,-3.333761,-0.9043951,clase_1,clase_3,0.9783424
1.958707,1.017256,1.5501122,2.077262,0.57410467,0.80078554,-1.5752318,1.217005,-3.8222706,0.4352548,2.143375,0.86976206,clase_1,clase_1,0.93996894
1.7205112,-3.575493,1.6738743,0.88756615,-1.1860195,-0.38385484,0.48605508,0.5282672,1.959703,1.3072376,0.99100226,-0.41127992,clase_5,clase_1,0.7227749
-1.5512451,1.0904448,-1.5995352,3.2293105,-1.6145449,-2.559953,-0.28062767,-0.50770056,-1.6582165,0.14596109,4.8908515,0.24382693,clase_0,clase_0,0.98480266
1.8466878,-2.1097708,-0.907834,-4.4368925,0.6778759,4.1959805,1.7850845,-0.009370601,1.9821018,-1.0469837,-1.1329849,1.9607178,clase_4,clase_4,0.97908795
0.18177605,0.1900381,0.7827739,-0.8480902,3.8912969,0.9505209,4.3104467,1.066927,1.9011612,0.8964232,1.0344943,-0.34026968,clase_4,clase_1,0.8979176
3.2474525,3.1021214,0.061078276,-2.6107688,2.5837948,2.045509,0.58236694,-1.2080356,-5.5399218,-0.41645434,2.3251586,1.2913307,clase_4,clase_1,0.59495944
-0.7057847,-4.2270985,-0.2747539,1.6835705,-0.5754749,4.4878983,-2.4226458,1.1547972,2.4817564,4.01578,1.6100103,1.3056456,clase_1,clase_1,0.99783367
1.4426999,-0.17881815,-1.9927781,-1.0771985,0.4748686,3.5416067,4.116048,0.9003379,3.7441332,-3.0185266,-0.39231628,0.6424745,clase_4,clase_4,0.9913976
1.027564,-3.2201526,-3.1047328,-2.4769456,-5.8934216,-0.648419,-3.8939354,0.64457,-3.8360467,-0.7295454,2.2611308,-0.49491188,clase_4,clase_4,0.7178668
0.9802004,1.0623232,-0.70243347,0.8133071,-2.5220566,-1.7586462,-2.403048,1.2465404,-5.0097136,-1.7182777,1.9710021,-1.7871386,clase_0,clase_0,0.8357509
-0.77377546,1.932491,0.1708671,1.435786,-0.78423864,-1.7894741,-0.8973005,1.236959,-1.4822628,-2.3954642,-1.1245505,-1.0319979,clase_3,clase_0,0.62346256
0.99145263,0.51977485,-0.34107542,-0.7447319,2.7200706,2.2255616,1.86899,1.6212337,-1.3746254,1.3157727,2.31333,0.87017816,clase_1,clase_1,0.93221736
-4.690875,-0.9651894,-3.2626698,-0.040261935,-2.6275642,2.3762007,-2.3582337,-4.3231287,6.7452807,-0.19797081,-4.007386,-0.6196238,clase_2,clase_2,0.8418943
-0.7414869,-2.4699705,1.5192342,1.062649,1.0037689,-0.9784494,1.2890538,0.9384205,2.6001809,2.7522585,0.79228354,-0.849795,clase_5,clase_3,0.5569675
-0.9004432,0.56852454,0.8810112,-0.123539515,1.688408,-1.1279789,1.1580257,1.0223486,0.27996013,0.30797485,-0.68332285,0.36384043,clase_1,clase_1,0.607083
-3.4394314,-0.32308707,1.1803943,0.26077488,1.2711972,0.8592351,-1.6422446,2.582077,0.14722297,-1.2503061,-0.57619953,-0.16252796,clase_2,clase_0,0.86827844
0.9957055,-1.2401115,-4.821717,6.3138185,-5.5840836,0.63617814,-1.4613687,3.0009396,0.71299773,1.7628772,2.4605145,0.6538645,clase_0,clase_0,0.70418775
-1.5348169,2.3618474,-0.17452146,-1.8913921,2.0624666,0.282031,-0.3342181,1.2312177,-2.2314224,-1.229704,-1.4817036,-0.6003567,clase_0,clase_0,0.9396318
-0.88160676,1.105452,1.3427818,1.3860289,2.8547652,0.94381607,1.4782379,1.0571042,1.8361677,0.47174028,-1.2602506,-1.0174911,clase_3,clase_3,0.89673394
2.927108,-2.3722708,2.6718943,2.898765,-4.8034625,-0.8806632,-4.169209,0.5150584,0.48363614,-1.7101535,-4.0834637,0.09008348,clase_5,clase_5,0.50253856
0.29945982,1.9177014,-1.0375504,0.3826213,0.03884719,-0.07327895,0.13555987,-1.0361582,-1.4931153,-0.41097432,1.0990793,1.9248455,clase_2,clase_2,0.90197253
-0.43955377,3.3374436,0.4314021,1.0562187,6.128657,2.732621,1.7627736,1.7895749,-2.5485854,3.6265578,2.4617198,-1.9010744,clase_1,clase_1,0.98205906
1.3808452,0.23616225,-2.3266592,-0.13122645,-1.839991,0.9554126,-0.41681743,1.5168456,-3.1026635,-1.4750514,3.031745,-0.5760252,clase_5,clase_5,0.91483504
-0.33490616,-3.6962976,0.74445325,0.039890874,-4.284231,-0.34133437,-2.0052078,-3.0431263,2.197386,-3.0179482,2.2104049,-0.11478882,clase_4,clase_0,0.88001406
2.7924833,-1.0206017,-2.6627738,-4.9309416,-4.1783066,-1.2293928,-2.1785817,-0.48516414,-4.889658,-1.4317249,-0.17128153,0.8381469,clase_5,clase_5,0.72257364
0.7184459,-1.0375851,-0.081806466,-2.3000047,1.4441721,0.2673524,2.2572503,1.4316607,0.0600113,0.6004227,0.653353,0.849522,clase_1,clase_1,0.83071727
0.23283306,-1.1985202,-2.0377965,2.9993813,-4.495294,-1.451969,-0.94168764,0.6343603,0.7729602,-1.1761518,1.3300545,0.44108266,clase_0,clase_0,0.9299407
0.33298364,0.19605984,3.351418,0.51578194,1.9518706,-2.0475094,2.1443706,-2.4036212,2.2390108,-0.1046971,-0.41723365,0.39290735,clase_2,clase_2,0.8524291
-1.411854,1.8481368,-2.7993422,-2.1516948,0.71032083,-0.03655126,1.2686906,0.20256522,-1.5504683,-0.9179068,1.3046011,-1.2988036,clase_2,clase_2,0.83876747
2.0479429,-3.5138233,0.97810477,-3.305048,-5.044609,3.3541021,-4.3980083,-7.831254,2.2787852,-4.111495,-1.128586,-0.01915309,clase_5,clase_5,0.97016746
-1.7250859,1.3562837,-2.600953,-0.83354664,3.8350859,3.1699166,3.4653268,4.102827,2.9360378,1.7770691,-3.1225107,1.1508347,clase_2,clase_1,0.53446466
-2.374548,-1.0884457,2.9908822,0.5356732,1.1162084,1.0275515,-2.475204,2.497549,-0.8722981,-1.9166247,0.44801483,0.9252905,clase_0,clase_0,0.9113079
1.3743124,-1.4557935,0.8461039,3.8980222,-0.9429256,1.9955318,-1.5377092,1.3239412,1.0985037,1.9563583,0.20645545,-0.1571785,clase_1,clase_1,0.96046376
2.9710147,1.2978855,0.6006466,0.9159623,2.4069984,-0.53803355,2.6690428,2.693371,-3.4582145,1.7955066,3.207909,-0.11417027,clase_4,clase_1,0.7386541
0.6298305,1.1401154,0.86152804,1.022979,2.716941,0.10184641,1.944851,-0.6830308,-0.17438416,2.299591,1.9319826,-0.37677547,clase_2,clase_2,0.613436
-3.542691,0.8552018,-0.62350464,-3.2565968,-2.2859237,-2.5254526,-2.6429904,-5.028104,-2.4924314,-4.7444916,3.0059857,-0.7456205,clase_2,clase_2,0.9234302
2.398717,-1.2689056,2.1603608,-1.1442261,-3.5802746,-0.22900449,-3.0184627,-4.633643,0.123915255,-3.4122941,-1.9158587,0.18127117,clase_5,clase_0,0.8116829
-0.59742033,-0.77040553,4.116455,1.4265825,2.8842986,2.1585703,1.0984156,-0.6674174,5.0485168,-0.8107619,-2.8624825,-0.3887453,clase_3,clase_3,0.98551166
-0.9323071,2.5616155,-3.2638066,0.8504749,-0.49468744,1.0242356,1.0285816,-3.3950057,1.3252583,-0.60744995,1.1795096,-0.7448728,clase_2,clase_2,0.98142254
1.821249,2.9469032,1.7761744,-2.6167428,5.062536,1.1544273,0.8598902,1.2461551,-5.493828,1.4990361,0.8436657,-0.10875102,clase_1,clase_1,0.8773738
3.0431798,-0.9411677,0.45377097,-5.603542,1.6072695,1.6817279,1.2090597,1.2164706,-3.5721972,-0.76030076,0.9031895,-0.85858625,clase_1,clase_4,0.58239406
-0.015882205,0.64883304,-1.0182071,0.94270295,1.6583353,4.2280254,0.14132424,0.33356503,0.533002,0.94851154,1.2313166,-0.595169,clase_3,clase_1,0.8656762
-5.0745335,1.6510731,-1.8591034,2.436615,2.8756597,-0.6388361,3.2095268,4.365185,2.411495,-0.029989988,1.3578984,0.5542545,clase_1,clase_1,0.6887201
3.1753342,0.85939234,0.96841645,3.4711673,1.0623751,2.5472984,3.580514,1.5192915,2.1762862,-2.478344,1.3611791,1.1912352,clase_4,clase_4,0.9930977
1.1090969,-3.2944098,-0.025090933,2.9618216,-1.624409,1.1189507,0.68733096,0.24671116,3.4005165,2.0304074,2.2565503,0.25636098,clase_0,clase_1,0.94993174
-0.039955717,-2.950898,1.048488,-0.008931114,0.23541193,2.28006,-1.9323614,-0.27634928,0.055607013,2.9442396,2.277739,0.14820297,clase_1,clase_1,0.87273324
2.245769,-3.5643957,0.3034305,0.3784176,-5.1282,2.2352126,-3.7491796,-3.0832489,2.7827842,-1.3181407,-2.4814637,1.4639008,clase_5,clase_5,0.98769426
-4.3354697,-1.2722133,3.4069548,-1.6959323,3.0441928,-3.0408144,3.6538405,-1.810441,5.943748,-1.960523,-1.1149778,-0.44102383,clase_5,clase_5,0.99366295
0.22994892,-0.30336034,2.3732307,1.8522364,-0.64646506,-2.1456852,0.23900239,-2.043012,1.4168179,-1.1580907,0.47979447,-1.381549,clase_2,clase_2,0.9395286
2.3101542,0.21899967,0.34245238,-4.1034904,4.2343307,0.39655206,3.2448053,2.583059,-3.60167,2.797948,1.8088721,-0.13513,clase_1,clase_1,0.9765182
0.05900439,-0.8503849,-2.34617,0.9029843,-4.3628483,0.12878306,-2.106564,-2.9276736,-1.5437909,-2.2578645,5.3022995,0.6602587,clase_0,clase_0,0.9826543
2.0828,4.7642674,-0.5670482,-0.9525178,4.8708487,2.1261854,2.6132984,0.5456551,-2.577813,1.7730234,-1.4739344,0.7932257,clase_2,clase_2,0.8552654
-0.93987304,1.0583966,-3.1343277,-3.0444624,1.5619453,1.7116796,2.852011,0.33001766,0.47704557,-0.6935595,0.84411114,-0.27910584,clase_2,clase_2,0.95386344
2.927535,-4.5581107,-2.6287405,3.9051328,-8.103477,-4.250637,2.292543,-3.6562421,7.2188926,0.36714467,0.6260838,-1.7993567,clase_0,clase_3,0.41134048
0.12846906,-1.715544,3.44837,0.60538965,2.3970177,-3.8173363,3.184809,-1.7502054,2.5990899,3.57328,1.4597044,0.9849501,clase_5,clase_2,0.40245163
-1.0181421,-2.6509018,3.325043,-0.12465112,1.823932,0.1713653,2.4809499,-1.5856043,5.324248,-0.6525195,0.27947202,1.4103123,clase_5,clase_4,0.55700076
-1.5904796,-1.267848,2.9189684,-4.775658,4.841429,-0.870794,3.0534346,-0.8053233,2.6801608,1.9151715,-2.418647,-0.88996255,clase_5,clase_5,0.99675626
1.6132227,-1.3324215,-0.1148702,-3.9513986,2.76808,1.8517992,2.7081723,0.89363354,0.22549614,2.282063,-0.06432546,0.31982306,clase_4,clase_1,0.9236912
1.5362996,1.839411,1.5173105,1.265259,3.266796,-0.597077,2.147146,-0.542123,-1.2626442,2.8219454,1.7539831,-1.6529346,clase_2,clase_2,0.605271
0.99210167,-2.490997,3.3144069,2.3913808,0.55269337,0.35043553,1.0151651,-2.7514043,3.2885742,1.1269568,2.940068,-0.24409556,clase_4,clase_4,0.9763273
0.08276665,-0.68643105,-2.6696422,-2.8189003,-1.0643735,-0.04870158,-1.1284248,-0.856965,-0.5911839,3.3210528,-2.0814905,-0.60044694,clase_5,clase_5,0.9874063
-2.0711436,1.9299297,-2.097486,2.6923792,-1.2027984,-2.2235415,0.52255744,3.488167,-0.4038342,-1.9245561,-0.2528915,-0.33116427,clase_3,clase_3,0.49590114
1.436844,-1.4521381,-2.4760609,-4.1738687,-2.2730453,1.8745615,-0.48994493,-3.0266216,-0.7936198,-1.2662433,1.6539636,-0.4884461,clase_5,clase_5,0.95585823
-0.2700017,1.5716993,-0.8476111,-0.9889637,2.2828562,0.3417836,4.477018,0.34773245,-0.25411606,-3.0556605,4.6233587,-0.4114565,clase_2,clase_5,0.53021586
-0.882367,-2.551195,-4.62056,-1.9268568,-3.6269555,0.045484748,1.1696413,0.7755024,3.57173,-0.40062952,-1.4201033,0.30972952,clase_4,clase_4,0.93320215
-1.1858556,1.8538731,2.0203955,-0.95349807,1.1124188,0.27939308,-2.6488585,2.0547564,-4.1555104,-3.554899,-0.7558119,0.14468613,clase_0,clase_0,0.9771516
1.6343234,-3.9809847,-0.40653872,-3.1366918,-1.6730171,0.86625844,1.040054,-1.4259529,2.6633952,0.43270695,0.051595885,-0.659299,clase_5,clase_1,0.5415038
4.062184,2.3482168,2.488953,1.7054529,1.3615302,-0.14509507,-0.58952373,0.6680013,-5.0722594,0.43505156,1.2401956,-1.181894,clase_1,clase_1,0.98456305
-0.40021953,-0.9142797,-0.461475,-0.9578243,0.42107812,3.5878212,-0.080158725,1.3548079,-0.5440465,-2.4994698,3.0057373,-1.3363318,clase_1,clase_4,0.6132404
-1.0276184,-1.1687279,1.749464,-1.4901438,1.582121,1.8283321,-1.0782695,1.6382531,0.5470382,-0.18578929,-2.108794,-0.47740623,clase_0,clase_0,0.7182997
1.0481155,0.13978669,-0.60511047,-1.4677719,0.9090283,0.354987,0.0220162,-1.1222225,-1.8793621,2.7350905,1.3331374,0.24846242,clase_3,clase_5,0.857427
2.2772207,1.7302759,0.5636232,1.6285584,3.0166485,2.7282856,2.686011,0.7920288,1.5834765,1.3392214,-1.4266368,0.43437693,clase_1,clase_3,0.9553649
-0.52966136,1.7846814,-0.24578738,-1.2861229,3.7930913,2.2565773,3.9465766,-0.11155841,1.4744517,-1.4482139,1.3482739,-1.1450679,clase_2,clase_2,0.9008047
-3.7966363,-1.4546735,3.0730414,-2.3585217,3.7253566,-1.7123309,3.376097,-0.16035144,4.636092,-1.1262765,-0.9564648,-1.7210472,clase_1,clase_5,0.9946649
0.9907247,-2.8320959,-3.4812155,-0.54325515,-3.672464,-1.6489108,2.393515,-1.4633758,4.639759,1.7533187,-0.9162176,-0.08233055,clase_2,clase_4,0.6933505
-1.7249318,1.4319849,3.3762622,-4.897368,5.8502645,-1.8451473,2.3455355,-2.0445457,0.16486485,1.4855571,-2.7376666,0.1393512,clase_5,clase_5,0.991488
0.6451781,4.377264,-3.2445908,0.63731974,1.3127708,-0.086238615,2.6884322,-0.42728913,-2.8919628,-0.39032632,3.379056,0.53736544,clase_2,clase_2,0.9890637
-0.8073629,-3.0992758,-3.5419328,1.7000889,-5.9885654,-1.4059944,-1.1809134,0.1615676,1.5156273,-1.0817868,2.9248843,0.23146158,clase_4,clase_4,0.49136162
0.018265657,2.7663145,-0.35946572,-0.59351903,3.575709,2.8139558,0.52760214,-0.8473991,-0.6519409,2.0232682,-1.1443226,-1.3925126,clase_2,clase_3,0.4671899
-1.9691727,-0.9429442,0.29112652,-0.28518534,4.0331774,3.8098464,1.7498106,-1.4865712,4.1820717,3.8017154,0.70078355,-0.13609646,clase_0,clase_1,0.67659557
1.5873324,1.7099729,-1.2744676,3.464225,0.6081994,3.1266198,-0.4629078,-0.23872831,-0.21084411,2.675518,0.73528075,-1.5948259,clase_3,clase_3,0.95283014
-4.4064445,3.6000092,-1.546758,0.033614114,3.5559447,3.0526605,-0.7572577,2.7914321,-1.6146166,-1.2749064,-0.13117442,-0.650474,clase_0,clase_0,0.9781275
2.6172824,0.31283867,1.3496517,-0.11993391,0.9463949,-1.6652969,0.74156183,-2.014707,-1.6929576,3.106803,1.0400164,1.5122349,clase_3,clase_3,0.3926749
-3.7060783,3.8465478,-1.264626,0.47915816,5.780166,4.1065183,0.72659683,0.8574049,-1.1514443,1.9075743,2.2370257,1.390726,clase_0,clase_0,0.62636954
2.4692645,-3.30395,1.4737034,-4.0624013,1.7419448,0.68975335,2.0597801,1.0859169,-0.3944062,2.1812806,1.1752311,0.68938255,clase_5,clase_1,0.8387424
2.4458654,-2.2149053,1.0339935,0.9851045,-1.6636924,0.23693724,3.9423773,-2.0348597,4.284869,-4.2287493,3.27589,1.559742,clase_4,clase_4,0.9947035
0.94105345,4.2454877,0.54177415,0.6255181,5.71066,-1.0271604,4.621749,-2.917412,-1.0272102,4.1436543,2.8925738,1.1892835,clase_2,clase_2,0.99898845
0.93155783,0.863388,2.1828682,-0.8990114,1.5980511,-0.3931503,0.2600283,-0.81515384,-1.0231879,-0.56923324,-0.7400261,-2.0471668,clase_1,clase_3,0.380348
-1.0280138,-1.3427505,-0.15300366,0.21775998,-0.39400342,-0.020048367,-0.85729486,0.8317336,2.4270492,2.1504812,-3.458817,0.80112857,clase_5,clase_5,0.6310258
3.6146467,2.984003,1.5614363,-0.089159794,4.1858454,-2.9440956,3.172234,-0.11454228,-4.723452,4.847808,2.2229195,-0.21469454,clase_2,clase_2,0.9403703
-4.097878,0.93052924,-1.3538281,-2.1173453,1.5862572,-1.3346717,-0.35217306,2.7619407,-1.1514075,0.422947,-1.4122471,0.33521834,clase_0,clase_0,0.91779745
2.271516,-2.9681447,0.67703223,-1.2752249,-1.7829397,0.4830579,1.3477788,1.2346103,2.239054,-2.2283857,-1.1070948,-1.1482073,clase_1,clase_4,0.89435166
-0.14237805,-2.3285453,-1.3119324,4.272279,-3.4455893,0.17359196,1.0091265,-3.3737311,6.9019947,0.6314339,0.74451,-0.1115189,clase_0,clase_5,0.7576753
1.1716803,-5.1108785,-0.76474655,3.2296553,-2.753439,4.4806857,-2.5843885,0.7560207,2.8611937,3.9329176,2.4531198,1.1074992,clase_1,clase_1,0.9994796
-1.6063448,0.47233233,2.2842286,-1.4913201,1.603474,1.4187913,-2.2210276,2.3910892,-2.7727652,-3.2565103,-0.3556176,1.6462834,clase_0,clase_0,0.96917915
1.2460676,1.1041781,3.464917,1.0080369,3.5505903,-1.2974862,2.1948667,-2.0693755,0.82211924,2.43902,-0.036170475,-0.81246984,clase_2,clase_2,0.82122403
1.0148622,1.9061813,3.198255,1.0254147,3.262172,-1.4776974,1.4572506,-2.9776552,0.2878678,2.2478213,-0.45193326,-0.34161848,clase_2,clase_2,0.7924622
-0.06745441,5.325945,0.29211426,5.447237,4.5668664,6.3370066,4.8900948,-2.961853,8.540455,-3.0542874,-3.6865816,-0.33892763,clase_3,clase_3,0.999019
0.83826315,-3.2256873,2.709663,0.70678556,-1.4814503,1.3074213,-0.5544359,2.1093564,0.28718764,-4.419986,2.9946978,-2.995267,clase_4,clase_4,0.92290515
-0.068810284,0.17493433,1.7921864,0.18407483,2.542473,3.251165,1.3135825,-2.2716455,3.7990553,-0.49114886,-1.2442521,-0.03563856,clase_3,clase_4,0.46379945
-1.6539698,0.9320363,0.17989409,-1.7568911,1.6033406,0.39546803,-0.64197665,1.8016233,-1.1386573,-0.6181255,-2.0107307,0.67450505,clase_0,clase_0,0.96285504
1.5936173,1.4743034,-0.6007821,2.6201231,2.756284,2.1359122,2.10234,-0.07907391,0.021144733,4.0514627,2.5708132,-1.2561553,clase_2,clase_3,0.6894329
1.6429759,0.011396123,0.7474974,3.0148847,0.12914763,1.23221,-1.6810606,2.0926995,-2.0825918,2.4318235,0.96293265,-0.7246742,clase_1,clase_1,0.97127086
0.7317223,-2.2309911,0.74249345,1.6605095,0.88746625,4.0251794,-0.79793435,-0.38491923,1.0283651,2.7736888,3.3165557,-0.1801026,clase_1,clase_1,0.98977715
1.3374091,4.5900545,1.1913195,-1.0451907,6.786568,1.0434122,3.5337071,0.12111533,-2.8203132,2.653918,0.44579428,1.246165,clase_2,clase_2,0.79237753
0.22384322,0.6186535,1.1836807,4.1156387,1.0425647,2.424067,-3.3146732,2.1791236,-3.2363217,2.9027836,2.3959308,0.07280179,clase_1,clase_1,0.99730116
1.6775937,-1.5781322,3.578049,3.0317025,1.4408003,1.0742648,3.2961946,-3.0330095,4.8517184,-0.7559418,3.2259808,-0.84913963,clase_4,clase_4,0.99616194
3.4521177,-1.8332179,0.16562383,1.2243233,-2.011761,0.52659553,2.4673607,0.09012922,1.6322298,-2.360227,2.5458565,-0.87151057,clase_4,clase_4,0.9832651
-1.131684,-0.42933002,-2.1392975,-2.6735759,-0.44669864,2.7857525,-0.38883343,-0.15015386,0.03333889,-2.1013114,0.74744755,0.47822395,clase_4,clase_2,0.9640501
-1.4826802,-2.8550847,-3.8091419,-1.3472,-4.199535,-1.8647411,0.5288492,1.2995278,2.9471185,-0.5492809,-1.2665523,0.29658383,clase_4,clase_4,0.9659236
-2.8311596,-2.202208,1.7883314,0.86386466,3.4887476,0.32181284,2.6662247,4.3611736,2.9707477,1.5227602,1.4156588,-0.044598673,clase_3,clase_3,0.72291344
-0.49338508,-2.0132253,3.4320283,2.1426468,-0.97562677,-1.0106615,0.4494426,-2.436175,5.2630515,-2.3534377,-1.3271033,-0.18759882,clase_2,clase_2,0.7782746
-0.0019604124,-0.8584917,-3.3368409,3.836115,-4.11441,-0.82463264,-0.16243787,-3.3099587,1.2972713,1.2025924,5.623451,-0.6172991,clase_0,clase_0,0.9966456
1.3273116,-2.779832,0.9260559,-2.0399027,-0.40886077,0.3814473,-0.3942089,0.6891029,0.37889743,1.3669869,-1.0940799,0.10094697,clase_1,clase_1,0.5847675
-2.2998998,-1.3279613,0.10810757,0.9415958,-1.9755182,-1.7517253,0.7331291,0.41028768,4.6222134,-3.0752099,-2.5440962,0.032426603,clase_3,clase_3,0.9398077
-3.5737453,-1.2622067,1.002595,2.878512,0.3338856,-1.4633216,0.44757798,-0.8315572,6.2904773,2.044191,-2.8738806,-0.034171883,clase_5,clase_5,0.9869782
1.6526929,-2.0047467,-2.5501525,-2.618308,-3.5577297,3.4963596,-1.3401253,-3.79107,0.5786097,-2.4177523,2.0511599,-1.3865601,clase_5,clase_5,0.94815654
1.2825724,-0.35797855,-2.4399924,-1.238685,-1.9932557,-1.3255346,0.5882807,0.20721018,-1.384439,0.47470558,0.89949507,0.8292236,clase_5,clase_5,0.76018226
-3.3613455,-3.037478,0.3909279,1.8057476,0.82195574,-0.3919303,4.0382366,2.350115,7.510518,-0.8246757,0.39436033,0.010067008,clase_3,clase_3,0.9395433
0.6176881,-0.4233804,-1.6242416,1.2078911,-2.9283872,0.97818094,-0.73353654,-4.3385744,2.991293,-0.37698132,-0.32017112,0.01741425,clase_4,clase_5,0.7613683
4.0987406,0.8286686,2.991684,-0.064783245,0.10597998,-1.2655545,-2.2649994,0.34653154,-7.067289,0.358437,2.3249297,1.0419126,clase_1,clase_1,0.9857151
0.6348967,-0.38789943,2.162355,1.5855258,1.411737,0.5198996,3.7734568,0.09362317,3.8512998,-3.0986629,1.0372733,-0.22139826,clase_4,clase_4,0.99153113
0.2654759,-2.6865032,3.9056165,1.0068531,0.7069936,0.035574384,1.625248,3.136322,1.2192324,-3.888398,2.702929,-1.209965,clase_4,clase_4,0.92671484
-0.56609535,-2.9296045,1.6853507,0.32306114,-2.7127762,-1.1368481,-1.0595391,0.68267524,1.6432832,-3.427302,0.16269772,1.4222585,clase_2,clase_0,0.47007582
1.5738764,-2.5006323,1.161806,-0.6579299,-0.78661895,0.8788154,-0.054846443,0.08568491,0.77688575,-0.15334058,0.5680095,-0.13729107,clase_1,clase_1,0.80087614
-0.30511737,0.63877296,1.387076,-0.7896813,-0.5229142,-2.1639895,-0.94359094,-0.42116445,-1.8075755,-2.2508936,-0.36920068,-0.20486063,clase_0,clase_0,0.71161443
-1.327004,1.9207491,-0.31869966,-3.6344814,5.164313,-1.3001411,3.9962773,3.4072018,-1.7760568,1.6591347,-0.416597,-1.4126911,clase_1,clase_1,0.8225869
0.61533076,-0.5263598,1.411215,-0.3801706,0.69677395,-0.1655058,-0.55131364,1.6637185,-2.0473146,0.18381308,0.8027699,0.7495826,clase_2,clase_1,0.6844808
-0.10735664,0.12057886,1.0317677,0.047731753,2.7117238,-0.041442763,1.8718679,1.3926321,0.33565468,1.8688968,0.35499227,-0.32883084,clase_1,clase_1,0.96466464
0.43769917,-1.7174914,4.583527,2.5073342,2.4009366,1.1973697,0.25100967,0.26249936,1.607861,0.8445029,1.8194208,0.28057498,clase_4,clase_4,0.9241414
0.32396552,1.0464747,1.5317886,-1.9034324,2.3067365,2.680579,-0.68150884,-0.48537126,-0.31569174,-0.86610574,-2.6294389,-0.51441675,clase_0,clase_0,0.8803422
-1.6162149,-1.6292158,-0.43158746,3.1915073,-3.0725257,0.34946486,0.795173,-3.504848,6.97556,-3.0744123,0.23643535,1.1175206,clase_0,clase_2,0.37849295
1.0329102,-1.758594,0.5390022,3.3884044,1.745381,3.5641165,3.93717,-1.0737765,6.506547,1.6956835,2.21264,-2.4291124,clase_3,clase_3,0.8973421
0.6169457,0.71308815,-0.7192511,-0.9917717,2.6250305,2.3121803,1.715359,2.1909587,-1.8038673,0.75395423,2.3601928,0.5368247,clase_1,clase_1,0.83273536
2.521883,-0.71990997,-4.123654,2.8864312,-6.700098,0.39253774,-1.5778296,-2.653567,-0.04643021,-1.8275572,3.2573225,0.27747923,clase_0,clase_0,0.98788387
-0.69641095,-3.3827608,3.7375019,0.847911,2.5179076,1.1572936,4.233065,0.61444306,9.108268,-0.51974547,-3.3517098,-0.16066484,clase_3,clase_3,0.9986249
-0.8716718,0.2862479,3.6411698,2.2599022,4.0322294,2.303675,0.25973713,-0.54087883,2.4284186,1.8875256,-0.5740524,1.4876884,clase_4,clase_3,0.6146331
0.052206755,0.10427979,0.16164972,-2.8018637,0.48180336,3.6119509,-3.0024436,-4.1494102,-1.9774014,0.0024009133,1.3359807,0.16872257,clase_5,clase_5,0.96224827
0.5583786,-2.5716684,2.6324618,-0.74437654,0.87854415,-0.8291219,0.62139386,1.1120867,0.61952704,0.96304667,0.4720827,0.13152273,clase_5,clase_2,0.44330737
3.4543202,4.188973,0.47056642,2.5798361,2.272348,3.2822375,1.5750194,-3.1644204,2.144037,0.6297311,-4.104348,-1.2169626,clase_3,clase_3,0.9553143
2.802315,1.0287223,1.7159426,1.1293746,2.8402624,5.0510798,-1.4373242,0.61449754,-4.4890623,1.2205333,4.360187,1.219431,clase_1,clase_1,0.8400382
1.2080221,-1.4345478,-1.9329332,-1.4589573,-1.2529234,1.1719195,2.3353014,1.1496719,1.9588641,-1.8026849,0.087569006,2.151164,clase_4,clase_4,0.9773392
